{
  "constraints": 
  [
    {
      "class": "constraint_invariant",
      "weight": 1.0,
      "domain": [[[-6.0, 6.0], [-6.0, 6.0], [-6.283185307179586, 6.283185307179586],  [0.0, 0.0],  [0.0, 0.0]],
                 [[-6.0, 6.0], [-6.0, 6.0], [-1.570796326794897, -1.570796326794897], [0.0, 0.3], [0.0, 0.0]],
                 [[-6.0, 6.0], [-6.0, 6.0], [1.570796326794897, 1.570796326794897],   [0.0, 0.3], [0.0, 0.0]],
                 [[-6.0, 6.0], [-6.0, 6.0], [-6.283185307179586, 6.283185307179586],  [0.0, 0.0],  [-1.0, 1.0]]],
      "nbOfSamples": 200,
      "args": {
        "var": 0
      }
    }
  ]
}